id	track	place	text
U1.0	concept	open	A welcome to this section, a recap of the planned opening, and the background a standalone reader is assumed to have.
U1.E.1	concept	mid	Choose low, medium, or high effort by how many tokens the hidden work is worth.
U1.B.1	concept	mid	See how a one-off message and a continued thread spend input tokens differently.
U1.B.2	concept	mid	Read the clocks on a usage cap, and when a free model should come before a paid high-effort run.
U1.B.3	concept	mid	Pace a usage window: spend it down before reset, or spread it and repair the later days.
U1.S.1	concept	mid	Decide the scope of a CLI coding session, including which folder it may use, and what to pass when opening a new one.
U1.S.2	concept	mid	Export a web thread into a seeding prompt, a file, or both, and open the next thread with See: and the file name.
U1.S.3	concept	mid	Compress a thread you are staying in, so later turns resend the decisions and the open task.
U1.K.1	concept	mid	Pack a repeated procedure as a SKILL.md, with when it applies and short standing rules.
U1.K.2	concept	mid	Prefer skills already loaded, and add a few external ones that match repeated work.
U1.9	concept	close	Mark this stage complete, practice on a real case, and choose what to do next.
