id	added	updated
L1.C.1	2026-09-25	2026-09-28
L1.C.2	2026-09-28	2026-09-28
L1.C.2.1	2026-09-28	2026-09-28
L1.C.2.2	2026-09-28	2026-09-28
L1.C.2.3	2026-09-28	2026-09-28
L1.C.2.9	2026-09-28	2026-09-28
L1.C.5	2026-09-28	2026-09-28
L1.C.6	2026-09-28	2026-09-28
R.1	2026-09-26	2026-09-28
R.3	2026-09-28	2026-09-28
R.3.1	2026-09-28	2026-09-28
R.3.2	2026-09-28	2026-09-28
R.3.3	2026-09-28	2026-09-28
U1.0	2026-09-25	2026-09-26
U1.9	2026-09-25	2026-09-26
U1.B.1	2026-09-25	2026-09-26
U1.B.2	2026-09-25	2026-09-26
U1.B.3	2026-09-25	2026-09-26
U1.E.1	2026-09-25	2026-09-26
U1.K.1	2026-09-26	2026-09-28
U1.K.2	2026-09-26	2026-09-26
U1.S.1	2026-09-25	2026-09-26
U1.S.2	2026-09-25	2026-09-26
U1.S.3	2026-09-26	2026-09-26
glossary	2026-09-26	2026-09-28
R.2	2026-09-28	2026-09-28
tools	2026-09-26	2026-09-26
X.1	2026-09-26	2026-09-26
X.2	2026-09-26	2026-09-26
X.3	2026-09-26	2026-09-26
