id	group	term	aliases	brief	body	stub	see	also	page
model	using	Model	models	A model reads a prompt and writes a reply.	Changing a setting, such as effort, does not swap in a different model.	no			U1.E.1
prompt	using	Prompt	prompts	The text you send a model, including instructions and any source you attach.	A new chat receives only what that first message carries, unless you also bring a seed or a file.	no	model		U1.B.1
reply	using	Reply	replies	The text a model writes back.	It is counted apart from the prompt and from the hidden work.	no	model		U1.E.1
token	using	Token	tokens	A chunk of text the product counts.	What you send, the hidden work, and the reply are counted apart.	no			U1.E.1
hidden-work	using	Hidden work	hidden work	Work a model does before the reply you see.	Effort is the setting that allows more or less of it. Those tokens are counted apart from the prompt and the reply.	no	token	effort	U1.E.1
effort	using	Effort		A setting on a model for how much hidden work a turn may do.	This course uses low, medium, and high. Extra High waits until those three are familiar. The model stays the same.	no	hidden-work		U1.E.1
thread	using	Thread	threads	A conversation that resends its earlier turns with each follow-up.	A new chat does not, unless you carry forward what the next chat needs.	no			U1.B.1
context-window	using	Context window	context window;context windows	How much of the current thread a product can still hold at once.	As the window fills, many products compress or compact the thread.	no	thread	compression	U1.S.3
compression	using	Compression	compaction;compressing;compacting	A shortening of a thread you are staying in, done by the product as the context window fills.	Compaction is the same idea. The interface often says Compressing or Compacting, sometimes with a percent, and the pass usually takes a noticeable time.	no	context-window		U1.S.3
seed	using	Seed	seeds	A short text, or a file, that carries one job's decisions into a new thread.	It is the handoff, not the whole transcript.	no	thread		U1.S.2
skill	using	Skill	skills	A procedure written so a later chat can follow it without the transcript that produced it.	A seed carries one job. A skill carries a way of working you expect to repeat.	no		skill-md;frontmatter;dual-setup	U1.K.1
skill-md	using	SKILL.md		The file many products ingest as a skill.	In the smallest case that file is the whole skill. A bundle may place other files beside it or in subfolders.	no	skill		U1.K.1
frontmatter	using	Frontmatter		A short structured block kept with a document such as SKILL.md.	It is often YAML. It may be general, or aimed at one model or one environment.	no	yaml	skill	U1.K.1
cli	using	CLI	CLI	A coding session in a terminal.	It is a thread that can also run tools. The session may be granted a project folder, and a new session does not keep the previous grant.	no	thread		U1.S.1
turn	using	Turn	turns	One step in a session: the model does its work, may use a tool, and continues.	A turn cap limits how many steps one automated request may take. It is a different limit from the usage window.	no	cli		U1.S.1
agent	using	Agent	agents	The side of a CLI session that reads files and takes the next step.		yes	cli		U1.S.1
usage-window	using	Usage window	usage window;usage windows	One clock on an allowance, with an amount and a reset.	Several clocks can run at once. A few-hour pause is a different clock from a weekly one.	no			U1.B.3
dual-setup	using	Dual setup	dual setup	Two skills loaded for the same job.	The model may read both, spend tokens on both, and follow a mix when they disagree.	no	skill		U1.K.2
file-types	files	File types	file type;file types	A convention for what a file holds and how to read it, often shown by the ending of its name.	The ending is a hint. The contents still have to match. The linked entries are the list this course keeps so far, and the course page introduces them together.	no		plain-text;markdown;json;yaml;python;zip	R.1
plain-text	files	Plain text	plain text;plain-text;.txt	Text you can read in an editor without a special program.	Markdown, JSON, and YAML are plain text with extra rules. A file ending in .txt is plain text with no further format.	no	file-types		R.1
markdown	files	Markdown	.md	A plain-text writing format that uses a small set of marks for headings, lists, and code.	These lessons are Markdown, and so is SKILL.md. The file ending is usually .md.	no	file-types		R.1
json	files	JSON	.json	A text format for structured data that a program can read without guessing.	Names and text sit in double quotes, inside braces for objects and square brackets for lists. The file ending is .json.	no	file-types		R.1
yaml	files	YAML	.yaml;.yml	A plain-text format for small structured data, often used as frontmatter beside a skill.	Indentation shows what belongs under what. A field is a name, a colon, and a value. The file ending is .yaml or .yml. It is looser than JSON, so a short block may be YAML while a file a program must read without guessing is JSON.	no	file-types	frontmatter	U1.K.1
python	files	Python	.py	A programming language. Helper scripts beside a skill are often Python files.	The file ending is .py.	yes	file-types		R.1
zip	files	Zip		A file that packs other files into one, including their folders.	A skill bundle may travel as a zip, with SKILL.md at the top or in a subfolder. The file ending is .zip.	no	file-types		U1.K.1
artificial-intelligence	subject	Artificial intelligence	artificial intelligence;AI	In this course, the ability of computer programs and robots to mimic human intelligence.	People meet that ability in work, in education, and in everyday life. The subject strand is where the course stays with that idea.	no			L1.C.1
data	subject	Data		The information an AI system is given or produces.	Later items cover why quality and selection matter.	yes	artificial-intelligence		L1.C.1
