id	floor	ceiling	kind
glossary	E	A	span
tools	E	E	ungraded
X.1	E	E	ungraded
X.2	E	E	ungraded
X.3	E	E	ungraded
R.1	E	C	span
R.2	D	B	span
R.3	D	C	span
R.3.1	D	C	span
R.3.2	D	C	span
R.3.3	D	C	span
U1.0	D	C	span
U1.E.1	C	A	span
U1.B.1	C	A	span
U1.B.2	C	B	span
U1.B.3	C	B	span
U1.S.1	C	A	span
U1.S.2	C	B	span
U1.S.3	C	A	span
U1.K.1	C	A	span
U1.K.2	B	A	span
U1.9	D	C	span
L1.C.2	E	E	layered
L1.C.2.1	E	E	layered
L1.C.2.2	E	E	layered
L1.C.2.3	E	C	layered
L1.C.2.9	E	E	layered
L1.C.5	E	E	layered
L1.C.6	E	C	layered
